{
  "hash": "03c71ad5",
  "configHash": "b87a79b0",
  "lockfileHash": "39f3ba97",
  "browserHash": "83ece063",
  "optimized": {
    "@angular/common": {
      "src": "../../../../../../node_modules/@angular/common/fesm2022/common.mjs",
      "file": "@angular_common.js",
      "fileHash": "8cd8b386",
      "needsInterop": false
    },
    "@angular/common/http": {
      "src": "../../../../../../node_modules/@angular/common/fesm2022/http.mjs",
      "file": "@angular_common_http.js",
      "fileHash": "2bd73f09",
      "needsInterop": false
    },
    "@angular/core": {
      "src": "../../../../../../node_modules/@angular/core/fesm2022/core.mjs",
      "file": "@angular_core.js",
      "fileHash": "5ded4dd1",
      "needsInterop": false
    },
    "@angular/forms": {
      "src": "../../../../../../node_modules/@angular/forms/fesm2022/forms.mjs",
      "file": "@angular_forms.js",
      "fileHash": "93332c4a",
      "needsInterop": false
    },
    "@angular/platform-browser": {
      "src": "../../../../../../node_modules/@angular/platform-browser/fesm2022/platform-browser.mjs",
      "file": "@angular_platform-browser.js",
      "fileHash": "88e607de",
      "needsInterop": false
    },
    "@angular/platform-server": {
      "src": "../../../../../../node_modules/@angular/platform-server/fesm2022/platform-server.mjs",
      "file": "@angular_platform-server.js",
      "fileHash": "84b9e1cb",
      "needsInterop": false
    },
    "@angular/router": {
      "src": "../../../../../../node_modules/@angular/router/fesm2022/router.mjs",
      "file": "@angular_router.js",
      "fileHash": "54b079bc",
      "needsInterop": false
    },
    "sweetalert2": {
      "src": "../../../../../../node_modules/sweetalert2/dist/sweetalert2.esm.all.js",
      "file": "sweetalert2.js",
      "fileHash": "7cf4dc56",
      "needsInterop": false
    }
  },
  "chunks": {
    "xhr2-ISERFGGE": {
      "file": "xhr2-ISERFGGE.js"
    },
    "chunk-6I3I2S2Y": {
      "file": "chunk-6I3I2S2Y.js"
    },
    "chunk-C573GRUA": {
      "file": "chunk-C573GRUA.js"
    },
    "chunk-2WG5QLMT": {
      "file": "chunk-2WG5QLMT.js"
    },
    "chunk-FB6BDKAH": {
      "file": "chunk-FB6BDKAH.js"
    },
    "chunk-NQ4HTGF6": {
      "file": "chunk-NQ4HTGF6.js"
    }
  }
}