[
    {
        "id": 1,
        "first_name": "Humfrid",
        "last_name": "Larwood",
        "city": "Tatebayashi"
    },
    {
        "id": 2,
        "first_name": "Darlleen",
        "last_name": "Peegrem",
        "city": "Tianning"
    },
    {
        "id": 3,
        "first_name": "Alana",
        "last_name": "Francisco",
        "city": "Orléans"
    },
    {
        "id": 4,
        "first_name": "Glyn",
        "last_name": "Littledike",
        "city": "Rio Real"
    },
    {
        "id": 5,
        "first_name": "Camile",
        "last_name": "Cano",
        "city": "Tampa"
    },
    {
        "id": 6,
        "first_name": "Ara",
        "last_name": "Oneil",
        "city": "Calçada"
    },
    {
        "id": 7,
        "first_name": "Kimberlyn",
        "last_name": "Gilfoy",
        "city": "Suresnes"
    },
    {
        "id": 8,
        "first_name": "Magdalene",
        "last_name": "Kunzel",
        "city": "Kalloní"
    },
    {
        "id": 9,
        "first_name": "Rosalyn",
        "last_name": "Dobsons",
        "city": "Nakło nad Notecią"
    },
    {
        "id": 10,
        "first_name": "Kiley",
        "last_name": "Rimes",
        "city": "Nanxi"
    },
    {
        "id": 11,
        "first_name": "Lenette",
        "last_name": "Brokenshaw",
        "city": "Lộc Bình"
    },
    {
        "id": 12,
        "first_name": "Julie",
        "last_name": "Origin",
        "city": "Yanshou"
    },
    {
        "id": 13,
        "first_name": "Carr",
        "last_name": "Haug",
        "city": "Fujikawaguchiko"
    },
    {
        "id": 14,
        "first_name": "Duke",
        "last_name": "Kuhnel",
        "city": "Nyima"
    },
    {
        "id": 15,
        "first_name": "Yulma",
        "last_name": "Stanwix",
        "city": "Río Alejandro"
    },
    {
        "id": 16,
        "first_name": "Mei",
        "last_name": "Keith",
        "city": "Tucson"
    },
    {
        "id": 17,
        "first_name": "Scotty",
        "last_name": "Suggitt",
        "city": "Sukamenak"
    },
    {
        "id": 18,
        "first_name": "Mirelle",
        "last_name": "Howbrook",
        "city": "Viçosa do Ceará"
    },
    {
        "id": 19,
        "first_name": "Debor",
        "last_name": "Foad",
        "city": "Kendayakan"
    },
    {
        "id": 20,
        "first_name": "Cross",
        "last_name": "Karppi",
        "city": "Mozdok"
    },
    {
        "id": 21,
        "first_name": "Byrle",
        "last_name": "Byles",
        "city": "Rybno"
    },
    {
        "id": 22,
        "first_name": "York",
        "last_name": "Grime",
        "city": "Shaxi"
    },
    {
        "id": 23,
        "first_name": "Findlay",
        "last_name": "Vettore",
        "city": "Радовиш"
    },
    {
        "id": 24,
        "first_name": "Consolata",
        "last_name": "Selwin",
        "city": "Ban Houayxay"
    },
    {
        "id": 25,
        "first_name": "Shannah",
        "last_name": "Spivie",
        "city": "Şuraabad"
    },
    {
        "id": 26,
        "first_name": "Tyrone",
        "last_name": "Westnedge",
        "city": "Lendan"
    },
    {
        "id": 27,
        "first_name": "Glen",
        "last_name": "Kaysor",
        "city": "Jincheng"
    },
    {
        "id": 28,
        "first_name": "Malissia",
        "last_name": "Alfwy",
        "city": "Cartagena"
    },
    {
        "id": 29,
        "first_name": "Alice",
        "last_name": "Ondrousek",
        "city": "Potrero Grande"
    },
    {
        "id": 30,
        "first_name": "Rossy",
        "last_name": "Mosley",
        "city": "Daşoguz"
    },
    {
        "id": 31,
        "first_name": "Tybi",
        "last_name": "Scoines",
        "city": "Paris 12"
    },
    {
        "id": 32,
        "first_name": "Jerrome",
        "last_name": "Setchfield",
        "city": "Kalidawir"
    },
    {
        "id": 33,
        "first_name": "Ginelle",
        "last_name": "Ickovicz",
        "city": "Wamba"
    },
    {
        "id": 34,
        "first_name": "Bendicty",
        "last_name": "Morigan",
        "city": "Malinta"
    },
    {
        "id": 35,
        "first_name": "Susie",
        "last_name": "Allwright",
        "city": "Penisihan"
    },
    {
        "id": 36,
        "first_name": "Bonnie",
        "last_name": "Hullin",
        "city": "Hradec Králové"
    },
    {
        "id": 37,
        "first_name": "Lawry",
        "last_name": "Kynsey",
        "city": "Podporozh’ye"
    },
    {
        "id": 38,
        "first_name": "Kakalina",
        "last_name": "Thornborrow",
        "city": "Plalar"
    },
    {
        "id": 39,
        "first_name": "Floria",
        "last_name": "Chaudret",
        "city": "Lanlongkou"
    },
    {
        "id": 40,
        "first_name": "Alexa",
        "last_name": "Flaubert",
        "city": "Borlänge"
    },
    {
        "id": 41,
        "first_name": "Rhodia",
        "last_name": "Dacks",
        "city": "Rurrenabaque"
    },
    {
        "id": 42,
        "first_name": "Ignace",
        "last_name": "Lortzing",
        "city": "Gandusari"
    },
    {
        "id": 43,
        "first_name": "Trude",
        "last_name": "Trobey",
        "city": "Tuchengzi"
    },
    {
        "id": 44,
        "first_name": "Dahlia",
        "last_name": "Mompesson",
        "city": "Sarreguemines"
    },
    {
        "id": 45,
        "first_name": "Lynnet",
        "last_name": "Densham",
        "city": "Yangzi"
    },
    {
        "id": 46,
        "first_name": "Alley",
        "last_name": "Coetzee",
        "city": "Ulyanovsk"
    },
    {
        "id": 47,
        "first_name": "Loren",
        "last_name": "Fouracre",
        "city": "Shahbā"
    },
    {
        "id": 48,
        "first_name": "Lamont",
        "last_name": "Boutflour",
        "city": "Bāndarban"
    },
    {
        "id": 49,
        "first_name": "Norby",
        "last_name": "O'Cuddie",
        "city": "Libas"
    },
    {
        "id": 50,
        "first_name": "Devon",
        "last_name": "Edson",
        "city": "Chelyabinsk"
    },
    {
        "id": 51,
        "first_name": "Francoise",
        "last_name": "Bevan",
        "city": "Calapan"
    },
    {
        "id": 52,
        "first_name": "Lettie",
        "last_name": "Demcik",
        "city": "Kresna"
    },
    {
        "id": 53,
        "first_name": "Camila",
        "last_name": "Capin",
        "city": "Moutsamoudou"
    },
    {
        "id": 54,
        "first_name": "Cammy",
        "last_name": "Feldberg",
        "city": "Guang’an"
    },
    {
        "id": 55,
        "first_name": "Juliette",
        "last_name": "Braunstein",
        "city": "Yucheng"
    },
    {
        "id": 56,
        "first_name": "Norman",
        "last_name": "Spread",
        "city": "Angol"
    },
    {
        "id": 57,
        "first_name": "Sheela",
        "last_name": "Sellstrom",
        "city": "Hongtu"
    },
    {
        "id": 58,
        "first_name": "Angelia",
        "last_name": "Desbrow",
        "city": "Santa Elena"
    },
    {
        "id": 59,
        "first_name": "Frederica",
        "last_name": "Fulleylove",
        "city": "Hengli"
    },
    {
        "id": 60,
        "first_name": "Seana",
        "last_name": "Leither",
        "city": "Samparna"
    },
    {
        "id": 61,
        "first_name": "Aleen",
        "last_name": "Springtorpe",
        "city": "Xiaoweizhai"
    },
    {
        "id": 62,
        "first_name": "Desiri",
        "last_name": "De Bernardi",
        "city": "San Diego"
    },
    {
        "id": 63,
        "first_name": "Karim",
        "last_name": "Bloor",
        "city": "Hövsan"
    },
    {
        "id": 64,
        "first_name": "Jennifer",
        "last_name": "Hallgate",
        "city": "Wantou"
    },
    {
        "id": 65,
        "first_name": "Dawn",
        "last_name": "Soars",
        "city": "Wilkołaz"
    },
    {
        "id": 66,
        "first_name": "Thomasa",
        "last_name": "Beardsworth",
        "city": "Norrköping"
    },
    {
        "id": 67,
        "first_name": "Brennen",
        "last_name": "Brenton",
        "city": "Yongshan"
    },
    {
        "id": 68,
        "first_name": "Wini",
        "last_name": "Ackerley",
        "city": "Korolevo"
    },
    {
        "id": 69,
        "first_name": "Mufinella",
        "last_name": "Nevins",
        "city": "Qimantage"
    },
    {
        "id": 70,
        "first_name": "Pammi",
        "last_name": "Dollin",
        "city": "Glad"
    },
    {
        "id": 71,
        "first_name": "Royce",
        "last_name": "Friedlos",
        "city": "Konso"
    },
    {
        "id": 72,
        "first_name": "Xever",
        "last_name": "Fanthom",
        "city": "Monte"
    },
    {
        "id": 73,
        "first_name": "Becki",
        "last_name": "Kiddie",
        "city": "Skópelos"
    },
    {
        "id": 74,
        "first_name": "Joscelin",
        "last_name": "Holleworth",
        "city": "Jataí"
    },
    {
        "id": 75,
        "first_name": "Skipper",
        "last_name": "Crepin",
        "city": "Alasmalang"
    },
    {
        "id": 76,
        "first_name": "Nelle",
        "last_name": "Lazenby",
        "city": "Koronowo"
    },
    {
        "id": 77,
        "first_name": "Babbette",
        "last_name": "Bickerstaffe",
        "city": "Potrero Grande"
    },
    {
        "id": 78,
        "first_name": "Ricca",
        "last_name": "Carcas",
        "city": "Bhairab Bāzār"
    },
    {
        "id": 79,
        "first_name": "Zarla",
        "last_name": "Po",
        "city": "Le Port"
    },
    {
        "id": 80,
        "first_name": "Mil",
        "last_name": "Lowers",
        "city": "Telangi Satu"
    },
    {
        "id": 81,
        "first_name": "Douglas",
        "last_name": "Pee",
        "city": "Itsukaichi"
    },
    {
        "id": 82,
        "first_name": "Eden",
        "last_name": "Mirando",
        "city": "São Paio de Gramaços"
    },
    {
        "id": 83,
        "first_name": "Nefen",
        "last_name": "Achrameev",
        "city": "Yuqunweng"
    },
    {
        "id": 84,
        "first_name": "Erroll",
        "last_name": "Melmore",
        "city": "Qingxi"
    },
    {
        "id": 85,
        "first_name": "Dehlia",
        "last_name": "Hinkensen",
        "city": "Chichibu"
    },
    {
        "id": 86,
        "first_name": "Mathilde",
        "last_name": "Kleimt",
        "city": "Tarbes"
    },
    {
        "id": 87,
        "first_name": "Henka",
        "last_name": "O'Sherrin",
        "city": "Huatan"
    },
    {
        "id": 88,
        "first_name": "Dieter",
        "last_name": "Hanne",
        "city": "Kanbe"
    },
    {
        "id": 89,
        "first_name": "Bentlee",
        "last_name": "Pooley",
        "city": "Tauca"
    },
    {
        "id": 90,
        "first_name": "Emogene",
        "last_name": "Henstridge",
        "city": "Saint-Amand-les-Eaux"
    },
    {
        "id": 91,
        "first_name": "Thatcher",
        "last_name": "Poyle",
        "city": "Gobernador Ingeniero Valentín Virasoro"
    },
    {
        "id": 92,
        "first_name": "Heindrick",
        "last_name": "Tondeur",
        "city": "Pecatu"
    },
    {
        "id": 93,
        "first_name": "Gal",
        "last_name": "Dyster",
        "city": "Al Bājūr"
    },
    {
        "id": 94,
        "first_name": "Tova",
        "last_name": "Alcock",
        "city": "Yantal’"
    },
    {
        "id": 95,
        "first_name": "Sosanna",
        "last_name": "Rief",
        "city": "Cagwait"
    },
    {
        "id": 96,
        "first_name": "Mirna",
        "last_name": "Brooksbie",
        "city": "Dayuanhuizu"
    },
    {
        "id": 97,
        "first_name": "Ethelin",
        "last_name": "Buckner",
        "city": "Wellington"
    },
    {
        "id": 98,
        "first_name": "Gael",
        "last_name": "Poulsum",
        "city": "Ryczywół"
    },
    {
        "id": 99,
        "first_name": "Libby",
        "last_name": "Harbottle",
        "city": "Leskovac"
    },
    {
        "id": 100,
        "first_name": "Leda",
        "last_name": "Bugler",
        "city": "Pak Phanang"
    }
]