{
  "hash": "c799b046",
  "configHash": "be3e79de",
  "lockfileHash": "0747c8c2",
  "browserHash": "4e240575",
  "optimized": {
    "@angular/common": {
      "src": "../../../../../../node_modules/@angular/common/fesm2022/common.mjs",
      "file": "@angular_common.js",
      "fileHash": "9906dc51",
      "needsInterop": false
    },
    "@angular/common/http": {
      "src": "../../../../../../node_modules/@angular/common/fesm2022/http.mjs",
      "file": "@angular_common_http.js",
      "fileHash": "8eb1329a",
      "needsInterop": false
    },
    "@angular/core": {
      "src": "../../../../../../node_modules/@angular/core/fesm2022/core.mjs",
      "file": "@angular_core.js",
      "fileHash": "2b901be7",
      "needsInterop": false
    },
    "@angular/forms": {
      "src": "../../../../../../node_modules/@angular/forms/fesm2022/forms.mjs",
      "file": "@angular_forms.js",
      "fileHash": "e751b394",
      "needsInterop": false
    },
    "@angular/platform-browser": {
      "src": "../../../../../../node_modules/@angular/platform-browser/fesm2022/platform-browser.mjs",
      "file": "@angular_platform-browser.js",
      "fileHash": "9d3faaf4",
      "needsInterop": false
    },
    "@angular/router": {
      "src": "../../../../../../node_modules/@angular/router/fesm2022/router.mjs",
      "file": "@angular_router.js",
      "fileHash": "823cc937",
      "needsInterop": false
    },
    "rxjs": {
      "src": "../../../../../../node_modules/rxjs/dist/esm5/index.js",
      "file": "rxjs.js",
      "fileHash": "ff454037",
      "needsInterop": false
    },
    "sweetalert2": {
      "src": "../../../../../../node_modules/sweetalert2/dist/sweetalert2.esm.all.js",
      "file": "sweetalert2.js",
      "fileHash": "fe581a5b",
      "needsInterop": false
    }
  },
  "chunks": {
    "chunk-A3K7LG3E": {
      "file": "chunk-A3K7LG3E.js"
    },
    "chunk-Q4IFZAKC": {
      "file": "chunk-Q4IFZAKC.js"
    },
    "chunk-IBXZIRMC": {
      "file": "chunk-IBXZIRMC.js"
    },
    "chunk-RTJCVXYN": {
      "file": "chunk-RTJCVXYN.js"
    },
    "chunk-ZSY7TSMJ": {
      "file": "chunk-ZSY7TSMJ.js"
    },
    "chunk-WDMUDEB6": {
      "file": "chunk-WDMUDEB6.js"
    }
  }
}