[
	{
		"key": "EXPIRES_IN",
		"flags": 0,
		"value": "MWg="
	},
	{
		"key": "JWT_SECRET",
		"flags": 0,
		"value": "YXJ5YW4="
	},
	{
		"key": "email/password",
		"flags": 0,
		"value": "ZWtjbm5zbmtodXBvZmNyZQ=="
	},
	{
		"key": "email/username",
		"flags": 0,
		"value": "bWRheWFuazc3ODZAZ21haWwuY29t"
	},
	{
		"key": "mongodb/DATABASE_URL",
		"flags": 0,
		"value": "bW9uZ29kYjovL2xvY2FsaG9zdDoyNzAxNy9uZXN0dGFzazE="
	},
	{
		"key": "twilio/authToken",
		"flags": 0,
		"value": "OWMxNTliNGE4MGI5YTUyMWExZTUxZmZkNjQxYjVhYjc="
	},
	{
		"key": "twilio/phoneNumber",
		"flags": 0,
		"value": "KzEyMTg1Mjc0Njk2"
	},
	{
		"key": "twilio/sid",
		"flags": 0,
		"value": "QUM2M2M4OGI2NzYzN2U0MDEzMDVhNTQwOWY0NDE4ZGQ3Zg=="
	}
]
